,station,line,07-10 on avg,07-10 off avg,10-17 on avg,10-17 off avg,17-22 on avg,17-22 off avg,X,Y
0,가능,1호선,19677,9021,9545,7692,7008,14585,37.748577,127.044213
1,가락시장,1호선,14913,20191,12542,11831,15680,15024,37.492522,127.118234
2,가산디지털단지,1호선,16328,159990,24042,26365,100601,20738,37.481072,126.882343
3,가양,1호선,60359,28602,27315,21860,24845,45483,37.561391,126.854456
4,가오리,1호선,13832,3586,6063,5343,3245,9549,37.641701,127.016792
5,가좌,1호선,17062,5970,7312,6762,5741,10947,37.568491,126.915487
6,가천대,1호선,18370,15919,12426,11571,11343,17417,37.448605,127.126697
7,가평,2호선,2844,4023,4192,4297,3317,2498,37.814536,127.510739
8,간석,2호선,18714,5884,8286,6961,6291,14356,37.464737,126.694181
9,강남,2호선,51394,263928,108271,128623,236847,120329,37.497175,127.027926
10,강남구청,2호선,7995,54433,13764,17482,35614,12527,37.517186,127.04128
11,강동,2호선,57206,31524,25132,20149,27324,36747,37.535804,127.132481
12,강동구청,2호선,30565,20042,13233,11892,14014,22287,37.530341,127.120508
13,강매,2호선,13049,1881,3333,2342,1898,7307,37.612314,126.843223
14,강변(동서울터미널),2호선,92780,40415,56556,51909,53167,81623,37.535095,127.094681
15,강촌,2호선,451,1201,1411,1202,923,477,37.805723,127.634146
16,개롱,2호선,19537,10467,9004,7781,8088,15048,37.498079,127.13482
17,개봉,2호선,75229,19610,30002,25464,21672,60424,37.494594,126.85868
18,개포동,2호선,7114,6880,5266,4377,5613,6468,37.489116,127.06614
19,개화,2호선,13587,4111,4071,2798,4288,6002,37.578608,126.798153
20,개화산,2호선,16423,8677,7174,6128,7204,11222,37.572399,126.806171
21,거여,2호선,25849,10688,10481,8427,8696,16766,37.493105,127.14415
22,건대입구,2호선,41940,35739,31919,39804,52712,62413,37.540693,127.07023
23,검암,2호선,14522,4994,4599,3291,4116,10748,37.569104,126.673728
24,경기광주,2호선,27502,5643,8783,6421,5511,19688,37.399907,126.630347
25,경마공원,2호선,2238,8964,4276,8747,12440,1874,37.443885,127.007888
26,경복궁(정부서울청사),2호선,17435,69440,30978,34032,54849,21063,37.575762,126.97353
27,경찰병원,2호선,20451,16984,10025,8515,10669,13963,37.495918,127.12454
28,계양,2호선,20307,2355,5842,3717,3099,13929,37.571462,126.735637
29,고덕,2호선,24121,13414,13943,11168,10792,19469,37.555004,127.154151
30,고려대(종암),2호선,19713,16425,11428,9811,13676,15312,37.590508,127.036296
31,고속터미널,2호선,23085,46232,43045,50187,63183,41467,37.50481,127.004943
32,고잔,2호선,20365,17023,11697,10055,12516,15194,37.316777,126.823249
33,곡산,2호선,1306,1510,798,672,940,978,37.645676,126.801762
34,곤지암,2호선,5157,4460,3185,2588,3475,4263,37.351315,127.34674
35,공덕,2호선,12664,30702,10848,9918,22109,13952,37.544018,126.951592
36,공릉(서울과학기술대),2호선,33351,16447,17214,14599,15647,27845,37.625742,127.072896
37,공항시장,2호선,7851,2841,4269,4065,3101,7593,37.563726,126.810678
38,공항화물청사,2호선,2080,13422,1952,1890,7497,1470,37.458366,126.476241
39,과천,2호선,16205,5542,8124,5170,5476,10544,37.433021,126.996568
40,관악,2호선,26192,8414,10257,8415,7957,18037,37.419232,126.908706
41,광나루(장신대),2호선,36803,21143,18929,15784,18351,24854,37.545303,127.10357
42,광명,2호선,8793,3671,4108,3003,5117,5912,37.416182,126.884466
43,광명사거리,2호선,79374,22298,31565,29790,25493,58981,37.479252,126.854876
44,광운대,2호선,26411,9859,11992,10959,9172,18277,37.623632,127.061835
45,광화문(세종문화회관),3호선,11550,148973,33900,39963,102169,23726,37.571026,126.976669
46,광흥창(서강),3호선,18440,23323,12059,10027,16474,14162,37.547456,126.931993
47,교대(법원.검찰청),3호선,19663,73625,31404,33163,60067,27988,37.493415,127.01408
48,구로,3호선,33287,50675,23234,23099,36498,30990,37.503039,126.881966
49,구로디지털단지,3호선,142833,156501,65215,58934,116539,114905,37.485266,126.901401
50,구룡,3호선,3090,4742,3090,1776,2672,2343,37.486839,127.058856
51,구리,3호선,42587,15702,18577,17182,15621,33891,37.603392,127.143869
52,구반포,3호선,4329,5004,4350,4532,5239,5009,37.501364,126.987332
53,구산,3호선,26312,6077,10573,7331,6581,13798,37.611377,126.91727
54,구성,3호선,17236,5228,6353,5104,4672,12835,37.298969,127.105664
55,구의(광진구청),3호선,79359,25452,29225,25733,26797,57716,37.537077,127.085916
56,구일,3호선,20800,9429,8885,8284,8971,17946,37.496756,126.870793
57,구파발,3호선,67808,25064,28351,25333,23419,45360,37.636763,126.918821
58,국수,3호선,1847,1206,1515,1209,706,1380,37.516169,127.399367
59,국회의사당,3호선,5197,78248,16280,15571,49890,8018,37.528105,126.917874
60,군자(능동),3호선,37236,15942,15320,13206,18395,28193,37.557121,127.079542
61,군포,3호선,14921,26772,7320,5823,16727,10590,37.35356,126.948462
62,굴봉산,3호선,207,357,434,399,206,146,37.832067,127.557695
63,굴포천,3호선,30064,8530,10936,9729,9358,25811,37.506997,126.73128
64,굽은다리(강동구민회관앞),3호선,31000,9290,12812,10796,9815,22170,37.545477,127.142853
65,금곡,3호선,4259,2735,2294,1883,1789,2877,37.637382,127.207853
66,금릉,3호선,12267,6332,6358,5242,5867,10325,37.751322,126.765347
67,금정,3호선,69453,50419,30334,25995,40902,57594,37.372221,126.943429
68,금천구청,3호선,37307,18320,14748,13023,13988,27525,37.455626,126.89398
69,금촌,3호선,16237,11370,10270,9020,9434,13279,37.766217,126.774644
70,금호,3호선,27951,6611,11626,9518,8213,19930,37.548034,127.015872
71,기흥,3호선,30082,10328,12417,9767,12157,24085,37.275619,127.115936
72,길동,3호선,20508,10989,11120,10755,9738,17479,37.537801,127.140004
73,길음,3호선,70981,21943,27921,24428,22581,49809,37.603407,127.025053
74,김유정,3호선,370,673,908,1091,573,340,37.818466,127.71434
75,김포공항,3호선,7885,13838,11869,12644,16339,9690,37.562434,126.801058
76,까치산,4호선,116320,16876,36617,30145,22720,80724,37.531768,126.846683
77,까치울,4호선,28366,6626,9301,7699,7386,19606,37.506207,126.810939
78,낙성대(강감찬),4호선,84929,26389,32898,26484,29499,63257,37.47693,126.963693
79,남구로,4호선,29026,57910,15453,16343,35960,24837,37.486056,126.887249
80,남동인더스파크,4호선,1392,12792,2176,1427,6791,1445,37.407722,126.695216
81,남부터미널(예술의전당),4호선,33322,98077,42630,44199,76896,40560,37.485013,127.016189
82,남성,4호선,40706,10712,14809,12744,11133,26258,37.484596,126.971251
83,남영,4호선,12878,35061,12520,11511,23318,14068,37.541021,126.9713
84,남춘천,4호선,4128,3489,5197,5199,3822,4731,37.864007,127.723792
85,남태령,4호선,3012,3269,2100,1254,2121,1525,37.463873,126.989134
86,남한산성입구(성남법원.검찰청),4호선,47856,17750,17930,13998,13768,29331,37.451535,127.159816
87,내방,4호선,20583,47825,16810,15932,32732,18501,37.487618,126.993513
88,노들,4호선,15083,3234,6287,4753,4331,9950,37.512887,126.953222
89,노량진,4호선,41110,34049,23709,22466,30656,38890,37.514219,126.942454
90,노원,4호선,40422,29232,30023,31835,31429,47295,37.655128,127.061368
91,녹번,4호선,54310,11600,18203,12791,11827,34523,37.600927,126.935756
92,녹사평(용산구청),4호선,6244,10646,6787,7942,12459,9624,37.534675,126.986695
93,녹양,4호선,14223,5690,6601,5165,4987,10556,37.75938,127.042292
94,녹천,4호선,16701,3641,6718,4806,3744,10142,37.644799,127.051269
95,논현,4호선,12438,84932,19127,24376,56865,20815,37.511093,127.021415
96,능곡,4호선,12826,3775,4981,4108,3601,8067,37.618808,126.820783
97,단대오거리,4호선,32897,13197,13886,11058,12459,23962,37.44521,127.156866
98,달월,5호선,91,191,103,82,236,63,37.379681,126.745177
99,답십리,5호선,53830,21422,18819,15916,19548,34303,37.566747,127.052704
100,당고개,5호선,43643,11475,18360,14645,11992,28827,37.670272,127.079066
101,당산,5호선,45795,36890,24016,21304,31626,43838,37.53438,126.902281
102,당정,5호선,19467,10543,8062,6058,8539,14369,37.344285,126.948345
103,대곡,5호선,5178,2216,2334,1785,2526,2757,37.631626,126.811024
104,대공원,5호선,1134,11465,8435,9909,8601,1305,37.435675,127.006523
105,대림(구로구청),5호선,45977,25967,24162,24902,24278,37324,37.49297,126.895801
106,대모산입구,5호선,8791,5808,5122,3762,4835,5473,37.491373,127.07272
107,대방,5호선,30163,36159,17138,13931,24311,24399,37.513342,126.926382
108,대성리,5호선,1120,960,1504,1496,912,922,37.684071,127.379319
109,대야미,5호선,14245,5958,6898,5211,6227,9722,37.328467,126.917332
110,대청,5호선,24523,16423,13972,10026,14459,18025,37.493514,127.079532
111,대치,5호선,20993,20517,14668,16241,20198,19777,37.494612,127.063642
112,대화,5호선,44153,15684,19444,14005,14558,24235,37.676087,126.747569
113,대흥(서강대앞),5호선,15110,20794,11386,11472,15404,13667,37.547771,126.942069
114,덕계,5호선,8767,2696,3430,2489,2239,5619,37.818486,127.056486
115,덕소,5호선,19586,5332,8724,7275,5204,14610,37.586781,127.208832
116,덕정,5호선,16251,10877,8932,6749,7801,12193,37.843188,127.061277
117,도곡,5호선,9105,17581,8644,7359,12320,8213,37.490858,127.055381
118,도농,5호선,35499,8980,12607,9261,8207,22868,37.608806,127.161153
119,도림천,5호선,2609,3944,1976,1477,1995,1970,37.514287,126.882768
120,도봉,5호선,16995,7149,9494,8397,6131,12414,37.679563,127.045595
121,도봉산,5호선,28059,9701,13961,12380,8549,17287,37.689313,127.046222
122,도심,5호선,9382,2922,3220,2245,2233,4731,37.579622,127.222672
123,도원,5호선,5867,9685,5993,4416,4933,4974,37.468446,126.642706
124,도화,5호선,12138,4793,5780,4781,4236,7861,37.46607,126.668672
125,독립문,5호선,16274,16191,13631,11955,9942,12576,37.574571,126.957748
126,독바위,5호선,10852,2694,3810,3499,1972,7759,37.618456,126.933031
127,독산,5호선,32544,58006,17045,14331,36059,27006,37.466613,126.889249
128,돌곶이,5호선,28432,10489,11663,9831,9389,19304,37.610537,127.056431
129,동대문,5호선,13092,40904,30947,33679,34731,17755,37.57142,127.009745
130,동대문역사문화공원(DDP),5호선,5072,28892,11663,13222,24351,10353,37.565138,127.007896
131,동대입구,5호선,6303,33047,12107,15720,25086,9331,37.559052,127.005602
132,동두천,5호선,4974,6182,3460,3382,2958,4016,37.927878,127.05479
133,동두천중앙,5호선,8303,6173,5604,4780,4110,5761,37.901885,127.056482
134,동묘앞,5호선,8908,17379,19684,20665,15715,9907,37.572627,127.016429
135,동암,5호선,47418,15527,22331,19138,17927,41458,37.471408,126.702896
136,동인천,5호선,31463,24263,23343,21006,24954,26642,37.475276,126.632802
137,동작(현충원),5호선,4873,3731,3627,3033,3423,3711,37.502971,126.979306
138,두정,5호선,10135,9441,8128,8063,8967,11030,36.833705,127.14896
139,둔촌동,5호선,21769,13832,11838,11030,12595,18148,37.527788,127.136248
140,둔촌오륜,5호선,2642,2016,1653,905,1249,1713,37.51972,127.13897
141,등촌,5호선,33329,11507,14597,12555,11023,25621,37.550632,126.865689
142,디지털미디어시티,5호선,17997,28984,8658,8123,20356,13702,37.576646,126.900984
143,뚝섬,6호선,21902,74287,21394,25601,54701,24590,37.547184,127.047367
144,뚝섬유원지,6호선,22637,8938,10474,12216,14922,20929,37.53154,127.066704
145,마곡,6호선,18112,20651,9835,8330,14890,12299,37.560183,126.825448
146,마곡나루(서울식물원),6호선,14442,24033,8436,7431,19525,13537,37.567336,126.829497
147,마두,6호선,14393,14840,13026,12016,11343,13290,37.652206,126.77762
148,마들,6호선,46621,8861,16062,12901,8259,30307,37.66494,127.057675
149,마석,6호선,11266,5997,5863,4977,4402,8309,37.652782,127.311767
150,마장,6호선,15593,10430,8241,6996,8020,10828,37.5661,127.042973
151,마천,6호선,19461,6887,7561,6974,5230,13007,37.49499,127.152781
152,마포,6호선,24993,41966,16042,14943,29959,23406,37.539574,126.945932
153,마포구청,6호선,39879,22053,18534,14920,20344,26071,37.563515,126.903343
154,망우,6호선,22462,9021,11373,10764,8878,17578,37.59955,127.091909
155,망원,6호선,28826,22113,19421,24692,25445,30037,37.556094,126.910052
156,망월사,6호선,22137,10904,12512,10738,8093,18007,37.709914,127.047455
157,망포,6호선,36487,24701,14566,11192,23756,29521,37.245795,127.057353
158,매교,6호선,6868,5438,3361,3006,3562,5125,37.265481,127.015678
159,매봉,6호선,15272,40374,13578,11643,28941,13459,37.486947,127.046769
160,매탄권선,6호선,14512,5777,5739,4167,5530,11249,37.252759,127.040566
161,먹골,6호선,34807,9419,13828,11891,10669,25892,37.610637,127.077725
162,면목,6호선,55734,16288,20151,17817,15437,38768,37.588579,127.087503
163,명동,6호선,9061,75113,34649,48154,73162,31292,37.560989,126.986325
164,명일,6호선,27478,8475,11850,10184,7817,21871,37.55137,127.143999
165,명학,6호선,19814,30131,9885,8276,18906,13954,37.384653,126.935433
166,모란,6호선,32590,16395,20250,19083,16959,25771,37.43213,127.129087
167,목동,6호선,54738,21480,22274,20749,20320,48747,37.526065,126.864931
168,몽촌토성(평화의문),6호선,10650,15902,7755,7763,11682,9236,37.517409,127.112359
169,무악재,6호선,13399,3953,5406,4541,3846,10116,37.582299,126.950291
170,문래,6호선,36677,66975,22394,21551,46131,31415,37.517933,126.89476
171,문산,6호선,13859,8865,8792,7783,7221,10790,37.854619,126.788047
172,문정,6호선,23406,90387,20370,18854,54492,20858,37.485855,127.1225
173,미금,6호선,26737,31612,25980,24130,26865,30464,37.350077,127.10891
174,미사,6호선,43627,12224,15236,12530,13906,35016,37.57222,127.20835
175,미아(서울사이버대학),6호선,46177,21526,22776,19250,18259,33599,37.62667,127.025983
176,미아사거리,6호선,85384,28065,40344,36436,35024,69223,37.613292,127.030053
177,반월,6호선,13911,4743,6298,5162,5066,10201,37.312212,126.903524
178,반포,6호선,9116,16413,8365,8620,13110,7490,37.508178,127.011727
179,발산,6호선,22765,57305,24459,24039,43758,27432,37.558598,126.837668
180,방배,7호선,27050,49221,24219,23283,37383,26977,37.481426,126.997596
181,방이,7호선,15389,14527,9204,9262,12192,14176,37.508857,127.126133
182,방학,7호선,26277,12564,14534,13077,10994,20770,37.667503,127.044273
183,방화,7호선,21943,8645,10161,7700,6647,15254,37.577446,126.812741
184,배방,7호선,2323,1307,1500,1374,1493,2102,36.777629,127.052991
185,백마,7호선,23313,7637,8199,6147,6522,16423,37.658239,126.794461
186,백석,7호선,20358,18116,16378,15265,17242,19696,37.643114,126.78787
187,백양리,7호선,104,339,348,308,257,113,37.830779,127.58933
188,백운,7호선,23944,7902,10922,9056,7350,18650,37.483664,126.707704
189,버티고개,7호선,5633,3607,3103,2680,3479,4411,37.548013,127.007055
190,범계,7호선,65483,40991,34157,33718,43954,58343,37.389793,126.950806
191,별내,7호선,7523,4515,3737,3227,3836,5393,37.64202,127.12684
192,병점,7호선,35849,20713,20467,16304,21914,33683,37.207503,127.032731
193,보라매,7호선,22933,23871,12436,9965,16178,17746,37.499872,126.920428
194,보문,7호선,11947,7635,6096,4818,6285,8325,37.585286,127.019381
195,보산,7호선,3987,2270,2733,1983,2308,3568,37.913702,127.057277
196,보정,7호선,8174,3427,3658,2441,2483,4703,37.312752,127.108196
197,복정,7호선,15633,7477,6721,4981,8131,10508,37.470047,127.126662
198,봉명,7호선,2285,3195,2227,1700,1428,1518,36.801215,127.135763
199,봉은사,7호선,8821,59562,19614,24054,48239,14432,37.514219,127.060245
200,봉천,7호선,87966,19698,31827,26597,23397,58128,37.482362,126.941892
201,봉화산(서울의료원),7호선,36451,8134,11334,9056,7450,22201,37.617283,127.091401
202,부개,7호선,29698,7822,11695,9663,7916,21090,37.488418,126.74109
203,부발,7호선,3833,3745,2741,1856,3312,3508,37.260192,127.490277
204,부천,7호선,91434,36054,49166,49645,47501,87089,37.48405,126.782686
205,부천시청,7호선,32971,19126,15279,15113,19561,27853,37.504631,126.763538
206,부천종합운동장,7호선,16067,7119,5775,4333,5650,8998,37.50538,126.797337
207,부평,7호선,70726,31329,44872,52763,51728,85706,37.489493,126.724805
208,부평구청,7호선,42544,9404,11686,7936,10234,24459,37.508336,126.720548
209,북한산보국문,7호선,18384,6216,8911,6589,6152,13584,37.612343,127.008009
210,북한산우이,7호선,7328,5197,5750,5066,3257,4054,37.663146,127.012789
211,불광,7호선,29150,15284,16665,17275,14616,25119,37.610469,126.929887
212,사가정,7호선,51443,17528,21496,18981,18208,40042,37.580894,127.088478
213,사당,7호선,74948,41049,42506,40156,53144,77183,37.47653,126.981685
214,사릉,7호선,12307,4847,4026,3211,3695,8039,37.65108,127.176933
215,사평,7호선,8020,4562,4589,3808,4374,6452,37.504206,127.015259
216,산본,7호선,44830,21720,22444,23106,22985,42579,37.358101,126.933274
217,산성,7호선,20389,6382,8293,6602,5603,14551,37.457122,127.149908
218,삼각지,7호선,7172,15070,7170,6447,12746,7802,37.534777,126.97311
219,삼동,7호선,9733,1722,2412,1825,1684,5840,37.409522,127.20336
220,삼산체육관,7호선,18905,4049,6513,4969,4120,12248,37.506411,126.742153
221,삼성(무역센터),7호선,19603,220354,59519,74212,169132,39028,37.508844,127.06316
222,삼성중앙,7호선,5285,23852,6902,6915,17006,7029,37.513011,127.053282
223,삼송,7호선,56818,18439,22995,21130,20729,41445,37.653083,126.895558
224,삼양,7호선,6082,2348,3253,3236,1838,4667,37.627165,127.018152
225,삼양사거리,8호선,6597,3005,4044,3884,2470,5079,37.621512,127.02048
226,삼전,8호선,18939,5939,7878,6288,7084,14877,37.50403,127.08904
227,상갈,8호선,17073,6906,7156,5647,6843,12608,37.26181,127.108847
228,상계,8호선,70075,16466,25810,20571,17109,46764,37.660878,127.073572
229,상도,8호선,32564,13906,14899,12803,13428,23764,37.502834,126.94791
230,상동,8호선,31032,21711,17098,18442,21824,29563,37.505781,126.753083
231,상록수,8호선,60462,17397,23569,18549,18368,48222,37.302795,126.866489
232,상봉(시외버스터미널),8호선,34785,14075,14519,12967,15514,26895,37.596362,127.085032
233,상수,8호선,10292,17179,10301,16347,20807,19405,37.547716,126.922852
234,상왕십리,8호선,42202,21705,18620,15257,18498,30334,37.564354,127.029354
235,상월곡(한국과학기술연구원),8호선,21409,7921,8243,6657,6558,13033,37.606377,127.048491
236,상일동,8호선,58227,12721,17645,12247,12946,34545,37.556712,127.166417
237,상천,8호선,593,646,832,692,403,381,37.770246,127.454821
238,새절(신사),8호선,47879,11168,17182,13861,11405,32404,37.591148,126.913629
239,샛강,8호선,4616,18339,6382,6366,13649,6610,37.517274,126.928422
240,서강대,8호선,2914,5334,2991,3092,4392,3003,37.551881,126.935711
241,서대문,9호선,17770,80844,20961,17289,47024,15429,37.565773,126.966641
242,서동탄,9호선,5790,1461,1860,1455,1559,3675,37.195504,127.051672
243,서빙고,9호선,2992,5072,2956,2290,3830,2611,37.519594,126.988537
244,서울대입구(관악구청),9호선,139715,52708,65480,57918,66485,116922,37.481247,126.952739
245,서울숲,9호선,16377,22948,11148,13411,21429,14150,37.543617,127.044707
246,서울역,9호선,15868,42893,20385,19737,34520,18706,37.554648,126.972559
247,서정리,9호선,9875,10392,9288,7214,10907,10711,37.056496,127.052819
248,서초,9호선,20350,84842,29867,26984,55053,17710,37.491897,127.007917
249,서현,9호선,33351,59073,34729,38424,58171,42989,37.385126,127.123592
250,석계,9호선,34312,8913,15017,13435,10628,30206,37.614805,127.065851
251,석수,9호선,33880,14083,13082,9504,12684,22740,37.435047,126.902295
252,석촌,9호선,18832,11019,10122,9906,11209,16557,37.505431,127.106979
253,석촌고분,9호선,15688,6771,7231,5788,6665,12603,37.50264,127.096866
254,선릉,9호선,16325,139403,39685,40252,93417,25336,37.504503,127.049008
255,선바위,9호선,19879,20214,10513,7589,17495,12542,37.451673,127.002303
256,선유도,9호선,15470,20201,8104,7216,15137,11571,37.53802,126.893525
257,선정릉,9호선,6904,34409,9049,10381,23087,8343,37.51098,127.043593
258,성균관대,9호선2~3단계,46314,15555,17909,15258,17043,37861,37.300349,126.97075
259,성수,9호선2~3단계,26047,142974,30596,36516,94445,31483,37.544581,127.055961
260,성신여대입구(돈암),9호선2~3단계,25089,16201,17933,17381,21068,26214,37.592624,127.016403
261,성환,9호선2~3단계,5558,10329,7197,5457,7240,5888,36.916076,127.126964
262,세류,9호선2~3단계,9876,4031,4180,3585,4318,7799,37.245025,127.013222
263,세마,9호선2~3단계,7477,4046,3758,2579,3567,5985,37.187533,127.04318
264,세종대왕릉,9호선2~3단계,733,485,529,493,364,563,37.295309,127.570938
265,소래포구,9호선2~3단계,10683,5166,9993,10464,6918,8711,37.40095,126.733522
266,소사,9호선2~3단계,29350,10616,14296,12311,9951,22094,37.482753,126.79544
267,소요산,9호선2~3단계,4868,3664,9461,8541,4264,2500,37.9481,127.061034
268,솔밭공원,9호선2~3단계,7916,2064,3718,3228,1811,5336,37.656088,127.013252
269,솔샘,9호선2~3단계,22657,3238,7263,5453,3460,14701,37.62124,127.013528
270,송내,경강선,84449,51564,35140,28476,40992,65796,37.4876,126.753664
271,송도,경강선,7745,2627,4067,3459,2755,5581,37.428514,126.657772
272,송정,경강선,20656,10056,10673,9056,9909,15382,37.561184,126.811973
273,송탄,경강선,10082,5524,7158,5422,6175,10199,37.075696,127.054301
274,송파,경강선,25656,12996,12103,9675,10056,18264,37.499703,127.112183
275,송파나루,경강선,10399,5646,5445,5819,6709,10191,37.51049,127.11216
276,수내,경강선,17979,34949,17552,17770,29575,19263,37.378455,127.114322
277,수락산,경강선,41772,13912,18724,15993,13419,31524,37.67785,127.055315
278,수리산,경강선,15393,4236,5799,4302,3386,8201,37.349801,126.925365
279,수색,경강선,2874,9470,2634,2591,6181,2324,37.580842,126.895611
280,수서,경강선,30527,33573,23074,19733,27098,28917,37.487371,127.10188
281,수원,경부선,40848,36170,32570,37643,47871,47341,37.265974,126.999874
282,수원시청,경부선,20076,27067,15649,15892,23437,27055,37.261911,127.030736
283,수유(강북구청),경부선,106382,37872,49214,41723,42369,88657,37.638052,127.025732
284,수진,경부선,15514,6444,8089,6859,5941,10353,37.437428,127.140722
285,숙대입구(갈월),경부선,20025,35158,19552,18091,30045,21980,37.54456,126.972106
286,숭실대입구(살피재),경부선,38357,16612,17675,16955,16796,29981,37.496029,126.953822
287,숭의,경부선,9015,7659,5459,4399,5376,6431,37.460789,126.638297
288,시청,경부선,7847,108599,26033,26113,72523,12226,37.564718,126.977108
289,신갈,경부선,15872,3846,6526,5045,3411,11328,37.286102,127.111313
290,신금호,경부선,20680,8970,8483,7367,6970,15169,37.554548,127.020331
291,신길,경부선,17821,13190,7440,5667,10472,12337,37.517122,126.917169
292,신길온천,경부선,5029,2374,2142,1694,2141,3493,37.338212,126.765844
293,신내,경부선,1938,1707,1071,863,1027,1344,37.612887,127.103218
294,신논현,경부선,33006,75616,38256,44883,76765,53774,37.504598,127.02506
295,신답,경부선,6555,1244,1852,1736,1265,5183,37.57004,127.046481
296,신당,경부선,19982,25085,16046,15176,20050,20376,37.565972,127.01782
297,신대방,경부선,97687,24471,34289,27639,26903,68634,37.487462,126.913149
298,신대방삼거리,경부선,55638,21334,20883,17178,18660,38463,37.499701,126.928276
299,신도림,경부선,63485,42076,36314,36683,48396,58984,37.508725,126.891295
300,신둔도예촌,경부선,3357,2293,1862,1298,1905,2612,37.317185,127.40476
301,신림,경부선,230945,49104,82673,67130,68970,176327,37.484201,126.929715
302,신목동,경부선,13984,3592,4736,3570,3738,8770,37.544277,126.88308
303,신반포,경부선,5433,6616,4670,3980,5519,4930,37.503415,126.995925
304,신방화,경부선,22114,6899,9373,7746,6475,16332,37.567532,126.816601
305,신사,경부선,14759,93977,35905,52689,90352,40021,37.516334,127.020114
306,신설동,경부선,8747,19550,10541,9589,14341,8193,37.575297,127.025087
307,신용산,경부선,12601,59016,17721,20591,45175,18352,37.52917,126.967894
308,신원,경부선,389,472,526,372,319,250,37.525545,127.372921
309,신이문,경부선,32773,5808,11817,9608,6407,21388,37.601854,127.067325
310,신정(은행정),경부선,58211,9554,14740,10844,9919,28674,37.524997,126.856191
311,신정네거리,경원선,35019,8238,12966,11260,8697,27196,37.520074,126.852912
312,신중동,경원선,36224,27722,17366,15877,23692,30076,37.503048,126.77596
313,신창(순천향대),경원선,1953,3878,3353,2404,2843,2325,36.769502,126.951108
314,신촌,경원선,19620,37092,27859,32318,42419,35165,37.555134,126.936893
315,신포,경원선,2387,4876,2772,2784,3677,2606,37.46874,126.623853
316,신풍,경원선,37162,14410,14633,12399,12858,25851,37.50008,126.90993
317,신흥,경원선,12383,4767,6864,7022,5713,11526,37.440918,127.147564
318,쌍문,경원선,111806,21309,40433,29961,25724,76156,37.648627,127.034709
319,쌍용(나사렛대),경원선,5354,2875,3154,2818,2736,4159,36.793759,127.1214
320,아산,경원선,4809,4807,4518,4181,6000,4841,36.792053,127.104361
321,아신,경원선,1498,925,1125,975,771,1215,37.51382,127.443173
322,아차산(어린이대공원후문),경원선,43530,17787,21349,19252,17771,33007,37.551691,127.089761
323,아현,경원선,27256,14600,15731,12116,13207,21078,37.557345,126.956141
324,안국,경원선,7666,83067,28607,35993,63462,13899,37.576477,126.985443
325,안산,경원선,21193,28471,17623,14895,28638,20951,37.327082,126.788532
326,안암(고대병원앞),경원선,9768,27891,16857,16986,25042,15116,37.586272,127.029005
327,안양,경원선,63555,31253,33381,32454,32838,55329,37.401592,126.922874
328,암사,경원선,74545,13288,22254,18087,15256,44992,37.55021,127.127562
329,압구정,경원선,19556,111433,42123,52835,88566,34588,37.527072,127.028461
330,압구정로데오,경원선,6311,59519,19196,31070,54120,21429,37.527381,127.040534
331,애오개,경원선,17886,16676,8932,7509,11062,12625,37.553736,126.95682
332,야당,경원선,17245,5828,7488,6141,6676,14861,37.712327,126.761356
333,야탑,경원선,52166,59789,37564,36793,49175,50278,37.411185,127.128715
334,약수,경원선,17702,16592,12199,10734,14252,15815,37.55434,127.010655
335,양수,경원선,4507,2984,3896,3702,2696,3547,37.545981,127.329098
336,양원,경원선,4023,4467,2950,2109,1827,2744,37.606596,127.107906
337,양재(서초구청),경원선,36279,153358,44308,45789,105317,48060,37.484147,127.034631
338,양정,경의선,1703,2162,1266,895,1609,1035,37.60533,127.19364
339,양주,경의선,25526,10145,12126,9174,8710,17354,37.774381,127.044708
340,양천구청,경의선,25033,6620,9042,7461,5444,19031,37.512398,126.865819
341,양천향교,경의선,22666,18309,11691,9125,13812,18424,37.568381,126.841333
342,양평,경의선,12306,12293,6532,5740,8550,8887,37.492832,127.491814
343,어린이대공원(세종대),경의선,22350,29693,18410,19983,26028,19346,37.548014,127.074658
344,언주,경의선,7140,34046,11685,11458,25315,9347,37.507287,127.033868
345,여의나루,경의선,5931,35128,10152,15252,34336,15400,37.527098,126.932901
346,여의도,경의선,10412,117848,22528,22454,78841,16991,37.521624,126.924191
347,여주,경의선,4319,3466,4080,3358,2875,4096,37.282701,127.628607
348,역곡,경의선,99607,23942,35864,31432,27480,76057,37.485178,126.811502
349,역삼,경의선,20801,232559,50933,60188,146279,36140,37.500622,127.036456
350,역촌,경의선,13466,5078,5364,5167,3554,10953,37.606021,126.922744
351,연수,경의선,10957,7085,6684,6338,6993,10357,37.417804,126.67894
352,연신내,경의선,63167,15594,27665,22759,19798,48026,37.619001,126.921008
353,염창,경의선,62912,13340,20219,15219,15214,45952,37.546936,126.874916
354,영등포,경의선,43319,89929,57344,75926,106684,71297,37.515504,126.907628
355,영등포구청,경의선,22774,39743,15680,14684,27869,19443,37.52497,126.895951
356,영등포시장,경의선,18432,22965,12793,14356,18818,15437,37.522669,126.905139
357,영종,경의선,7651,2678,4327,3333,2880,6890,37.511466,126.5237
358,영통,경의선,15025,15627,11640,11629,16472,17621,37.251568,127.071394
359,오금,경의선,15326,9661,6262,4820,6826,9521,37.502162,127.128111
360,오류동,경의선,41561,9466,16777,13568,10971,29713,37.494526,126.845365
361,오리,경인선,27926,21489,16691,12540,19164,18598,37.339824,127.108942
362,오목교(목동운동장앞),경인선,43708,51039,28746,33273,45900,46252,37.524496,126.875181
363,오빈,경인선,824,418,539,460,339,611,37.506062,127.473868
364,오산,경인선,18967,17758,15276,12598,17094,20228,37.145885,127.06672
365,오산대,경인선,7436,5537,4807,3802,4835,6427,37.168953,127.063197
366,오이도,경인선,24873,11983,12622,11603,13506,20111,37.362357,126.738714
367,옥수,경인선,12421,5678,7004,6196,6291,11378,37.540685,127.017965
368,온수(성공회대입구),경인선,30854,11240,11137,8467,8500,20825,37.492258,126.823388
369,온양온천,경인선,8019,5897,8343,8111,4996,6716,36.780483,127.003249
370,올림픽공원(한국체대),경인선,11214,7739,7244,7689,9203,9809,37.516078,127.130848
371,왕십리(성동구청),경인선,23299,15455,16225,16163,22281,27789,37.561533,127.037732
372,외대앞,경인선,18901,10289,13477,11704,12052,17422,37.596073,127.063549
373,용답,경인선,8514,2550,3882,3284,2642,6476,37.561904,127.050899
374,용두(동대문구청),경인선,5309,3965,3857,3710,3288,4507,37.574028,127.038091
375,용마산(용마폭포공원),경춘선,21306,6136,6890,6108,4696,14036,37.573647,127.086727
376,용문,경춘선,3534,2880,5785,5772,2737,3054,37.48223,127.594647
377,용산,경춘선,26276,101028,50464,61002,99693,47114,37.529849,126.964561
378,우장산,경춘선,46350,16751,21403,17364,13973,34553,37.548768,126.836318
379,운길산,경춘선,1375,1663,2066,2022,1454,920,37.554669,127.310115
380,운서,경춘선,14865,10296,9709,7221,9272,14984,37.492904,126.49379
381,운정,경춘선,20728,6501,7730,6047,5939,14784,37.725826,126.767257
382,원당,경춘선,38088,10012,16072,12889,10107,27418,37.653324,126.843041
383,원덕,경춘선,923,536,793,694,400,690,37.468672,127.547076
384,원인재,경춘선,12157,5236,6262,5794,5351,10617,37.412603,126.687389
385,원흥,경춘선,31241,8950,12137,9497,9271,21716,37.650658,126.872642
386,월계,경춘선,18048,8324,10165,8035,6821,13222,37.633212,127.058831
387,월곡(동덕여대),경춘선,35067,15595,15666,14090,14860,25964,37.601948,127.041518
388,월곶,경춘선,6988,2491,3470,3172,3248,5401,37.391769,126.742699
389,월드컵경기장(성산),경춘선,8196,8129,9762,12121,10463,9510,37.569532,126.899298
390,월롱,경춘선,2103,8301,3100,2037,6413,2517,37.796188,126.792587
391,을지로3가,경춘선,5968,69076,17529,18790,48692,12952,37.566295,126.99191
392,을지로4가,경춘선,3582,35368,12523,13528,25633,5407,37.566941,126.998079
393,을지로입구,공항철도 1호선,12622,182785,47194,54524,137331,32183,37.566014,126.982618
394,응봉,공항철도 1호선,6108,1800,2617,2103,1857,3770,37.549946,127.034538
395,응암,공항철도 1호선,64861,12977,23192,19053,15410,47750,37.598605,126.915577
396,의왕,공항철도 1호선,23558,19583,10473,8368,14527,18102,37.320852,126.948217
397,의정부,공항철도 1호선,37190,27479,29563,32790,32916,40252,37.738415,127.045958
398,이대,공항철도 1호선,20016,29216,23859,26543,30529,23815,37.556733,126.946013
399,이매,공항철도 1호선,8068,6065,4995,4040,5202,6221,37.396104,127.12827
400,이수,공항철도 1호선,31411,27989,21070,20508,29178,32306,37.486263,126.981989
401,이천,공항철도 1호선,5682,5181,4084,3656,4155,5396,37.265579,127.44226
402,이촌(국립중앙박물관),공항철도 1호선,10916,12531,9492,8716,10776,9749,37.522272,126.974345
403,이태원,공항철도 1호선,12363,19069,14890,19138,27591,28568,37.534488,126.994302
404,인덕원,과천선,62448,55658,29382,23407,40776,51417,37.401553,126.976715
405,인천,과천선,3098,4343,4703,5338,4918,2787,37.476691,126.616936
406,인천공항1터미널,과천선,10502,20633,14561,15817,17852,10576,37.44899,126.45811
407,인천공항2터미널,과천선,4529,8717,4942,5586,8557,2894,37.48632,126.43932
408,인천논현,과천선,11642,10489,8021,8309,9662,11763,37.400614,126.722478
409,인하대,과천선,14563,7563,7880,6978,7581,11931,37.448493,126.649619
410,일산,과천선,31661,9209,11712,9675,7799,23405,37.682077,126.769846
411,일원,분당선,18944,22259,16586,13051,13189,13604,37.483681,127.08439
412,임진강,분당선,5,41,59,71,79,15,37.88906,126.74746
413,잠실(송파구청),분당선,68786,87157,56434,65354,100475,79409,37.51395,127.102234
414,잠실나루,분당선,37340,27880,22483,18693,20278,25797,37.520733,127.10379
415,잠실새내,분당선,56354,23935,29560,30341,32196,52771,37.511687,127.086162
416,잠원,분당선,15281,8205,8323,6819,7505,11222,37.512759,127.01122
417,장승배기,분당선,32591,12514,13768,12317,11114,22972,37.504898,126.93915
418,장암,분당선,10147,1684,2373,1441,2107,1874,37.700109,127.053196
419,장지,분당선,43313,34356,21412,22272,31968,31971,37.478703,127.126191
420,장한평,분당선,49067,38376,21361,19458,29910,36190,37.56144,127.064623
421,정릉,분당선,12862,4265,6955,5318,4645,9631,37.602798,127.01349
422,정발산,분당선,8547,14649,12395,14255,16764,13057,37.659477,126.773359
423,정부과천청사,분당선,14767,35004,14266,11050,23740,13736,37.426513,126.98978
424,정왕,분당선,13785,22771,11836,10368,16472,13982,37.351735,126.742989
425,정자,분당선,27365,43387,19775,19124,34880,31493,37.36706,127.108105
426,제기동,분당선,24442,32638,39831,42310,25596,18770,37.578103,127.034893
427,제물포,분당선,28764,18156,15388,11150,13643,21378,37.466769,126.656666
428,종각,분당선,9014,152260,42035,47571,117238,28919,37.570161,126.982923
429,종로3가,분당선,5139,40920,26872,36634,46489,16712,37.571607,126.991806
430,종로5가,분당선,8034,69470,41981,46396,58971,17318,37.570926,127.001849
431,종합운동장,분당선,13785,12386,9053,9444,12574,14912,37.510997,127.073642
432,주안,분당선,51124,24923,29289,22102,29143,44152,37.464941,126.679923
433,주엽,분당선,22196,11764,14870,13822,10299,18907,37.670072,126.761334
434,죽전,분당선,33571,20073,18827,21004,24195,33177,37.324753,127.107395
435,중계,분당선,51963,17737,19884,14430,12715,32800,37.644583,127.064303
436,중곡,분당선,33783,12794,13607,10636,10435,21956,37.565923,127.08432
437,중동,분당선,31272,9267,12319,10287,8751,22059,37.486562,126.764843
438,중랑,분당선,18611,4728,7902,6767,5143,13912,37.594917,127.076116
439,중앙,분당선,37168,23819,22940,23367,27398,41215,37.315941,126.838573
440,중앙보훈병원,분당선,26120,12353,13263,9810,8254,15287,37.52693,127.1477
441,중화,분당선,36699,13813,14565,12240,12518,26639,37.602545,127.079264
442,증미,수인선,16081,16546,8673,7875,12277,12810,37.557402,126.861939
443,증산(명지대앞),수인선,36660,7772,13560,11341,9116,26520,37.583876,126.909645
444,지축,수인선,5530,1343,2084,1585,1245,3913,37.648048,126.913951
445,지평,수인선,170,131,136,117,48,68,37.476444,127.629617
446,지행,수인선,18751,7930,9733,8364,8083,15638,37.892334,127.055716
447,직산,수인선,1430,2119,1158,996,1535,1349,36.870593,127.143904
448,진위,수인선,2427,5043,1842,1217,3999,1945,37.109447,127.062278
449,창동,수인선,38198,14849,19502,18933,15739,33748,37.653166,127.047731
450,창신,수인선,13007,4828,4406,3218,3345,6269,37.579661,127.015241
451,천마산,수인선,5710,1546,2405,2046,1230,3791,37.658978,127.285379
452,천안,수인선,8929,8636,11619,11330,10182,10180,36.810005,127.146826
453,천왕,수인선,40540,8941,12388,9960,8265,25726,37.486637,126.838713
454,천호(풍납토성),수인선,36421,26233,24802,26889,31189,41311,37.538397,127.123572
455,철산,수인선,72692,23992,27383,25417,26638,59521,37.47605,126.867911
456,청구,수인선,7713,11181,4987,4336,7547,6020,37.560245,127.013828
457,청담,안산선,12397,98726,21063,22314,56937,14955,37.519365,127.05335
458,청라국제도시,안산선,19107,9576,6873,4668,8496,15014,37.555878,126.625327
459,청량리(서울시립대입구),안산선,34342,25124,35122,37416,28632,32777,37.580178,127.046835
460,청명,안산선,13828,5526,5131,4057,4913,9578,37.259489,127.078934
461,청평,안산선,3733,2884,3724,3346,2353,3063,37.735488,127.42661
462,초월,안산선,10080,3398,3550,2473,2869,6991,37.374419,127.299
463,초지,안산선,11957,9118,5527,4770,6045,8987,37.320646,126.805913
464,총신대입구(이수),안산선,47146,30748,28573,30078,30203,47563,37.486263,126.981989
465,춘의,안산선,20177,31049,9314,7572,20075,14220,37.503663,126.787036
466,춘천,안산선,1931,2626,3756,3272,2933,1998,37.885054,127.717023
467,충무로,안산선,6399,55041,16132,18945,40526,11850,37.561243,126.99428
468,충정로(경기대입구),우이신설선,11606,27203,9041,7908,16847,10105,37.559973,126.963672
469,탄현,우이신설선,25381,6955,9443,7059,7074,20145,37.694023,126.761086
470,태릉입구,우이신설선,18361,9618,9869,8722,9686,15696,37.617983,127.07512
471,태평,우이신설선,46967,12366,18622,16770,13005,33173,37.440019,127.127709
472,퇴계원,우이신설선,13555,3511,4562,3648,3336,8641,37.648311,127.143952
473,파주,우이신설선,2501,3570,2398,1400,2608,1321,37.815298,126.792783
474,판교,우이신설선,3270,17406,3976,4896,13433,3393,37.394761,127.111217
475,팔당,우이신설선,1303,2422,1787,2208,2255,1199,37.547371,127.243939
476,평내호평,우이신설선,18628,6589,7871,6835,6138,14482,37.653225,127.244493
477,평촌,일산선,41649,47425,18900,16222,32118,31137,37.394287,126.963883
478,평택,일산선,22944,17947,20194,20251,22369,24942,36.990726,127.085159
479,풍산,일산선,17191,5428,7250,5848,5667,12625,37.672346,126.786243
480,하계,일산선,58357,19970,26048,20921,18743,40911,37.636352,127.06799
481,하남풍산,일산선,10466,7738,4849,4816,6328,8154,37.55223,127.2038
482,학동,일산선,9955,118401,20900,24153,72423,13190,37.514229,127.031656
483,학여울,일산선,3512,5480,3835,3761,4059,2930,37.496663,127.070594
484,한강진,일산선,3855,25622,8112,14127,24037,11353,37.539631,127.001725
485,한남,장항선,5240,11731,6049,5295,9291,5545,37.52943,127.009169
486,한대앞,장항선,22383,11567,11737,10183,10937,19523,37.309689,126.85344
487,한성대입구(삼선교),장항선,31801,23636,22070,19069,21918,26955,37.588458,127.006221
488,한성백제,장항선,5608,3285,3242,2728,3642,4223,37.51664,127.11621
489,한양대,장항선,6631,30386,12956,15453,20432,8379,37.555273,127.043655
490,한티,장항선,19030,35990,18536,22041,31780,22711,37.496237,127.052873
491,합정,장항선,30390,46467,26422,32971,52813,43687,37.549463,126.913739
492,행당,중앙선,31431,6750,10511,8334,7042,19132,37.557322,127.029476
493,행신,중앙선,28001,6942,9075,7507,7839,21096,37.612102,126.834146
494,혜화,중앙선,20769,82007,48173,62785,87327,47104,37.582336,127.001844
495,호구포,중앙선,6086,12798,4323,3351,8398,5264,37.401637,126.708627
496,홍대입구,중앙선,23637,31305,27634,43199,56040,49194,37.557192,126.925381
497,홍제,중앙선,56615,18573,26778,21859,18700,41069,37.589066,126.943736
498,화계,중앙선,10851,3211,5166,4383,2818,7026,37.634802,127.017519
499,화곡,중앙선,107700,21905,36278,27668,25407,74800,37.541513,126.840461
500,화랑대(서울여대입구),중앙선,46641,9414,14656,9213,9388,24273,37.620064,127.084689
501,화서,중앙선,26849,7258,8989,7447,7166,20418,37.283862,126.989627
502,화전,중앙선,3462,4215,3216,2857,3516,2553,37.602888,126.868387
503,화정,중앙선,46724,20736,27022,25617,21369,42228,37.634592,126.83265
504,회기,중앙선,55331,38492,39953,32827,38368,50878,37.58946,127.057583
505,회룡,중앙선,42742,10009,18051,15949,9222,31395,37.724846,127.046895
506,회현(남대문시장),중앙선,8180,94383,43479,50474,67686,12694,37.558514,126.978246
507,효창공원앞,중앙선,11115,11623,6371,5605,8870,8140,37.539261,126.961351
508,흑석(중앙대입구),중앙선,16641,14265,13217,12056,13508,17214,37.50877,126.963708
